Workbook

Sheet Read Me
A1: Wafer Map & Probe Planning Workbook
A3: Assumptions (edit the yellow cells and everything recalculates):
A4: - Shots across the wafer: 21 (both X and Y)
A5: - Each shot is 5 x 5 dies -> 105 x 105 dies total
A6: - Wafer edge is decided SHOT BY SHOT, not die by die: a whole 5x5 shot is either fully exposed on the wafer or not exposed at all (a stepper prints a full reticle or skips it). That's why the boundary in Die Map is a staircase, not a smooth circle - this matches how a real wafer is actually patterned.
A7: - The shot-by-shot shape itself (which of the 441 shot positions are actually on the wafer) is the ACTUAL supplied wafer map, not a computed circle - see 'Shot Map'. It was reconstructed from one corner using confirmed mirror symmetry (top-bottom about row 11, left-right about column 11). Edit any cell in 'Shot Map' directly to correct the shape.
A8: - Probe head: 20 dies tall x 1 die wide per touchdown (set in 'Probe Plan'!B2). Touchdowns are tiled in fixed 20-die steps starting from the top of each column's on-wafer range, so consecutive touchdowns are always exactly touching or overlapping - this guarantees every on-wafer die gets covered. The last touchdown in a column is allowed to run past that column's bottom edge, off the wafer - that's fine, there's simply no die there to contact.
A10: Die serial numbers:
A11: - Format is LL### - two letters then three digits, e.g. AA001 (see 'Serial Reference' sheet).
A12: - Letters encode the row (top to bottom), using the 23-letter alphabet A-Z with I, O, Q removed, counted like an odometer: AA, AB, AC ... then BA, BB, ... Row 1 is AA, row 105 is EN.
A13: - Numbers encode the column (left to right): 001, 002, ... skipping any number ending in 0 (...008, 009, 011, 012...). Column 1 is 001, column 105 is 116.
A14: - Everything (Die Map, Probe Overlay) derives the serial live via formula from the die's row/column, so if the scheme changes again only the 'Serial Reference' logic needs updating.
... A22: 6. Reference Dies - the 11 special shots containing reference/monitor dies to skip for testing, decoded from their top-left die serial. These 143 dies are highlighted dark red on both Die Map and Probe Overlay (this takes priority over every other color on those sheets).

Sheet Shot Map
A1: Shots across: | B1: 21
A2: Shape source: | B2: actual wafer map (supplied), not a mathematical circle
A5: shot row\col | B5: 1 | C5: 2 | D5: 3 | E5: 4 | F5: 5 | G5: 6 | H5: 7 | I5: 8 | J5: 9 | K5: 10 | L5: 11 | M5: 12 | N5: 13 | O5: 14 | P5: 15 | Q5: 16 | R5: 17 | S5: 18 | T5: 19 | U5: 20 | V5: 21
A6: 1 | B6: 0 | C6: 0 | D6: 0 | E6: 0 | F6: 0 | G6: 0 | H6: 0 | I6: 0 | J6: 0 | K6: 1 | L6: 1 | M6: 1 | N6: 0 | O6: 0 | P6: 0 | Q6: 0 | R6: 0 | S6: 0 | T6: 0 | U6: 0 | V6: 0
A7: 2 | B7: 0 | C7: 0 | D7: 0 | E7: 0 | F7: 0 | G7: 0 | H7: 1 | I7: 1 | J7: 1 | K7: 1 | L7: 1 | M7: 1 | N7: 1 | O7: 1 | P7: 1 | Q7: 0 | R7: 0 | S7: 0 | T7: 0 | U7: 0 | V7: 0
A8: 3 | B8: 0 | C8: 0 | D8: 0 | E8: 0 | F8: 1 | G8: 1 | H8: 1 | I8: 1 | J8: 1 | K8: 1 | L8: 1 | M8: 1 | N8: 1 | O8: 1 | P8: 1 | Q8: 1 | R8: 1 | S8: 0 | T8: 0 | U8: 0 | V8: 0
A9: 4 | B9: 0 | C9: 0 | D9: 0 | E9: 1 | F9: 1 | G9: 1 | H9: 1 | I9: 1 | J9: 1 | K9: 1 | L9: 1 | M9: 1 | N9: 1 | O9: 1 | P9: 1 | Q9: 1 | R9: 1 | S9: 1 | T9: 0 | U9: 0 | V9: 0
A10: 5 | B10: 0 | C10: 0 | D10: 1 | E10: 1 | F10: 1 | G10: 1 | H10: 1 | I10: 1 | J10: 1 | K10: 1 | L10: 1 | M10: 1 | N10: 1 | O10: 1 | P10: 1 | Q10: 1 | R10: 1 | S10: 1 | T10: 1 | U10: 0 | V10: 0
A11: 6 | B11: 0 | C11: 0 | D11: 1 | E11: 1 | F11: 1 | G11: 1 | H11: 1 | I11: 1 | J11: 1 | K11: 1 | L11: 1 | M11: 1 | N11: 1 | O11: 1 | P11: 1 | Q11: 1 | R11: 1 | S11: 1 | T11: 1 | U11: 0 | V11: 0
A12: 7 | B12: 0 | C12: 1 | D12: 1 | E12: 1 | F12: 1 | G12: 1 | H12: 1 | I12: 1 | J12: 1 | K12: 1 | L12: 1 | M12: 1 | N12: 1 | O12: 1 | P12: 1 | Q12: 1 | R12: 1 | S12: 1 | T12: 1 | U12: 1 | V12: 0
A13: 8 | B13: 0 | C13: 1 | D13: 1 | E13: 1 | F13: 1 | G13: 1 | H13: 1 | I13: 1 | J13: 1 | K13: 1 | L13: 1 | M13: 1 | N13: 1 | O13: 1 | P13: 1 | Q13: 1 | R13: 1 | S13: 1 | T13: 1 | U13: 1 | V13: 0
A14: 9 | B14: 0 | C14: 1 | D14: 1 | E14: 1 | F14: 1 | G14: 1 | H14: 1 | I14: 1 | J14: 1 | K14: 1 | L14: 1 | M14: 1 | N14: 1 | O14: 1 | P14: 1 | Q14: 1 | R14: 1 | S14: 1 | T14: 1 | U14: 1 | V14: 0
A15: 10 | B15: 1 | C15: 1 | D15: 1 | E15: 1 | F15: 1 | G15: 1 | H15: 1 | I15: 1 | J15: 1 | K15: 1 | L15: 1 | M15: 1 | N15: 1 | O15: 1 | P15: 1 | Q15: 1 | R15: 1 | S15: 1 | T15: 1 | U15: 1 | V15: 1
A16: 11 | B16: 1 | C16: 1 | D16: 1 | E16: 1 | F16: 1 | G16: 1 | H16: 1 | I16: 1 | J16: 1 | K16: 1 | L16: 1 | M16: 1 | N16: 1 | O16: 1 | P16: 1 | Q16: 1 | R16: 1 | S16: 1 | T16: 1 | U16: 1 | V16: 1
A17: 12 | B17: 1 | C17: 1 | D17: 1 | E17: 1 | F17: 1 | G17: 1 | H17: 1 | I17: 1 | J17: 1 | K17: 1 | L17: 1 | M17: 1 | N17: 1 | O17: 1 | P17: 1 | Q17: 1 | R17: 1 | S17: 1 | T17: 1 | U17: 1 | V17: 1
... A26: 21 | B26: 0 | C26: 0 | D26: 0 | E26: 0 | F26: 0 | G26: 0 | H26: 0 | I26: 0 | J26: 0 | K26: 1 | L26: 1 | M26: 1 | N26: 0 | O26: 0 | P26: 0 | Q26: 0 | R26: 0 | S26: 0 | T26: 0 | U26: 0 | V26: 0

Sheet Serial Reference
A1: Die serial format: LL### (two letters + three digits), e.g. AA001
A2: Letters (row, top to bottom): two letters from A-Z excluding I, O, Q (23 valid letters),
A3: counted like an odometer - AA, AB, AC ... (23rd) AZ-equivalent, then BA, BB, ... 105 rows -> AA through EN.
A4: Numbers (column, left to right): 001, 002, ... skipping any number ending in 0
A5: (...008, 009, 011, 012...). 105 columns -> 001 through 116.
A7: Valid letters (in order):
A8: A | B8: B | C8: C | D8: D | E8: E | F8: F | G8: G | H8: H | I8: J | J8: K | K8: L | L8: M | M8: N | N8: P | O8: R | P8: S | Q8: T | R8: U | S8: V | T8: W | U8: X | V8: Y | W8: Z

Sheet Reference Dies
A1: Reference shots - these 5x5 shots contain reference/monitor dies that should be skipped for testing
A2: Each row below is a reference shot, identified by the serial of its top-left die (local position 1-1).
A3: Within every one of these shots, the same 13 local positions (of the 25 dies) are reference dies:
A4: (1,1) (1,2) (1,3) (1,4) (1,5) - entire top row
A5: (2,1) (2,2) (2,3) (2,4) (2,5) - entire second row
A6: (3,1) - first die of third row
A7: (4,1) (4,2) - first two dies of fourth row
A8: The remaining 12 dies in each of these shots are normal product dies.
A9: NOTE: "CD056" (as given) doesn't land on a valid shot corner (decodes to die row 50, not a multiple-of-5-plus-1 row). The pattern formed by the other 10 shots is a symmetric cross missing exactly one entry - shot row 11, shot column 11 (the center) - which "CE056" decodes to exactly. CE056 is used below pending confirmation.
A11: Serial (top-left die) | B11: Die Row | C11: Die Col | D11: Shot Row | E11: Shot Col
A12: AL056 | B12: =(MATCH(LEFT(A12,1),'Serial Reference'!$A$8:$W$8,0)-1)*23+(MATCH(MID(A12,2,1),'Serial Reference'!$A$8:$W$8,0)-1)+1 -> 11 | C12: =VALUE(MID(A12,3,3))-INT(VALUE(MID(A12,3,3))/10) -> 51 | D12: =CEILING(B12/5,1) -> 3 | E12: =CEILING(C12/5,1) -> 11
A13: BH028 | B13: =(MATCH(LEFT(A13,1),'Serial Reference'!$A$8:$W$8,0)-1)*23+(MATCH(MID(A13,2,1),'Serial Reference'!$A$8:$W$8,0)-1)+1 -> 31 | C13: =VALUE(MID(A13,3,3))-INT(VALUE(MID(A13,3,3))/10) -> 26 | D13: =CEILING(B13/5,1) -> 7 | E13: =CEILING(C13/5,1) -> 6
A14: BH056 | B14: =(MATCH(LEFT(A14,1),'Serial Reference'!$A$8:$W$8,0)-1)*23+(MATCH(MID(A14,2,1),'Serial Reference'!$A$8:$W$8,0)-1)+1 -> 31 | C14: =VALUE(MID(A14,3,3))-INT(VALUE(MID(A14,3,3))/10) -> 51 | D14: =CEILING(B14/5,1) -> 7 | E14: =CEILING(C14/5,1) -> 11
A15: BH084 | B15: =(MATCH(LEFT(A15,1),'Serial Reference'!$A$8:$W$8,0)-1)*23+(MATCH(MID(A15,2,1),'Serial Reference'!$A$8:$W$8,0)-1)+1 -> 31 | C15: =VALUE(MID(A15,3,3))-INT(VALUE(MID(A15,3,3))/10) -> 76 | D15: =CEILING(B15/5,1) -> 7 | E15: =CEILING(C15/5,1) -> 16
A16: CE012 | B16: =(MATCH(LEFT(A16,1),'Serial Reference'!$A$8:$W$8,0)-1)*23+(MATCH(MID(A16,2,1),'Serial Reference'!$A$8:$W$8,0)-1)+1 -> 51 | C16: =VALUE(MID(A16,3,3))-INT(VALUE(MID(A16,3,3))/10) -> 11 | D16: =CEILING(B16/5,1) -> 11 | E16: =CEILING(C16/5,1) -> 3
A17: CE056 | B17: =(MATCH(LEFT(A17,1),'Serial Reference'!$A$8:$W$8,0)-1)*23+(MATCH(MID(A17,2,1),'Serial Reference'!$A$8:$W$8,0)-1)+1 -> 51 | C17: =VALUE(MID(A17,3,3))-INT(VALUE(MID(A17,3,3))/10) -> 51 | D17: =CEILING(B17/5,1) -> 11 | E17: =CEILING(C17/5,1) -> 11
A18: CE101 | B18: =(MATCH(LEFT(A18,1),'Serial Reference'!$A$8:$W$8,0)-1)*23+(MATCH(MID(A18,2,1),'Serial Reference'!$A$8:$W$8,0)-1)+1 -> 51 | C18: =VALUE(MID(A18,3,3))-INT(VALUE(MID(A18,3,3))/10) -> 91 | D18: =CEILING(B18/5,1) -> 11 | E18: =CEILING(C18/5,1) -> 19
A19: DB028 | B19: =(MATCH(LEFT(A19,1),'Serial Reference'!$A$8:$W$8,0)-1)*23+(MATCH(MID(A19,2,1),'Serial Reference'!$A$8:$W$8,0)-1)+1 -> 71 | C19: =VALUE(MID(A19,3,3))-INT(VALUE(MID(A19,3,3))/10) -> 26 | D19: =CEILING(B19/5,1) -> 15 | E19: =CEILING(C19/5,1) -> 6
A20: DB056 | B20: =(MATCH(LEFT(A20,1),'Serial Reference'!$A$8:$W$8,0)-1)*23+(MATCH(MID(A20,2,1),'Serial Reference'!$A$8:$W$8,0)-1)+1 -> 71 | C20: =VALUE(MID(A20,3,3))-INT(VALUE(MID(A20,3,3))/10) -> 51 | D20: =CEILING(B20/5,1) -> 15 | E20: =CEILING(C20/5,1) -> 11
A21: DB084 | B21: =(MATCH(LEFT(A21,1),'Serial Reference'!$A$8:$W$8,0)-1)*23+(MATCH(MID(A21,2,1),'Serial Reference'!$A$8:$W$8,0)-1)+1 -> 71 | C21: =VALUE(MID(A21,3,3))-INT(VALUE(MID(A21,3,3))/10) -> 76 | D21: =CEILING(B21/5,1) -> 15 | E21: =CEILING(C21/5,1) -> 16
A22: DY056 | B22: =(MATCH(LEFT(A22,1),'Serial Reference'!$A$8:$W$8,0)-1)*23+(MATCH(MID(A22,2,1),'Serial Reference'!$A$8:$W$8,0)-1)+1 -> 91 | C22: =VALUE(MID(A22,3,3))-INT(VALUE(MID(A22,3,3))/10) -> 51 | D22: =CEILING(B22/5,1) -> 19 | E22: =CEILING(C22/5,1) -> 11

Sheet Probe Plan
A1: Probe Plan - probe head covers 20 dies tall x 1 die wide per touchdown, overlap allowed
A2: Probe height (dies): | B2: 20
A4: Die Column | B4: Shot Column | C4: Top Valid Row | D4: Bottom Valid Row | E4: Height (dies) | F4: # Touchdowns | G4: TD1 Start | H4: TD1 End | I4: TD2 Start | J4: TD2 End | K4: TD3 Start | L4: TD3 End | M4: TD4 Start | N4: TD4 End | O4: TD5 Start | P4: TD5 End | Q4: TD6 Start | R4: TD6 End
A5: 1 | B5: =CEILING(A5/5,1) -> 1 | C5: =(MATCH(1,INDEX('Shot Map'!$B$6:$V$26,0,B5),0)-1)*5+1 -> 46 | D5: =(MATCH(1,INDEX('Shot Map'!$B$6:$V$26,0,B5),0)+SUM(INDEX('Shot Map'!$B$6:$V$26,0,B5))-2)*5+5 -> 60 | E5: =D5-C5+1 -> 15 | F5: =ROUNDUP(E5/$B$2,0) -> 1 | G5: =IF($F5>=1,$C5+(1-1)*$B$2,"") -> 46 | H5: =IF(G5="","",MIN(G5+$B$2-1,105)) -> 65 | I5: =IF($F5>=2,$C5+(2-1)*$B$2,"") | J5: =IF(I5="","",MIN(I5+$B$2-1,105)) | K5: =IF($F5>=3,$C5+(3-1)*$B$2,"") | L5: =IF(K5="","",MIN(K5+$B$2-1,105)) | M5: =IF($F5>=4,$C5+(4-1)*$B$2,"") | N5: =IF(M5="","",MIN(M5+$B$2-1,105)) | O5: =IF($F5>=5,$C5+(5-1)*$B$2,"") | P5: =IF(O5="","",MIN(O5+$B$2-1,105)) | Q5: =IF($F5>=6,$C5+(6-1)*$B$2,"") | R5: =IF(Q5="","",MIN(Q5+$B$2-1,105))
A6: 2 | B6: =CEILING(A6/5,1) -> 1 | C6: =(MATCH(1,INDEX('Shot Map'!$B$6:$V$26,0,B6),0)-1)*5+1 -> 46 | D6: =(MATCH(1,INDEX('Shot Map'!$B$6:$V$26,0,B6),0)+SUM(INDEX('Shot Map'!$B$6:$V$26,0,B6))-2)*5+5 -> 60 | E6: =D6-C6+1 -> 15 | F6: =ROUNDUP(E6/$B$2,0) -> 1 | G6: =IF($F6>=1,$C6+(1-1)*$B$2,"") -> 46 | H6: =IF(G6="","",MIN(G6+$B$2-1,105)) -> 65 | I6: =IF($F6>=2,$C6+(2-1)*$B$2,"") | J6: =IF(I6="","",MIN(I6+$B$2-1,105)) | K6: =IF($F6>=3,$C6+(3-1)*$B$2,"") | L6: =IF(K6="","",MIN(K6+$B$2-1,105)) | M6: =IF($F6>=4,$C6+(4-1)*$B$2,"") | N6: =IF(M6="","",MIN(M6+$B$2-1,105)) | O6: =IF($F6>=5,$C6+(5-1)*$B$2,"") | P6: =IF(O6="","",MIN(O6+$B$2-1,105)) | Q6: =IF($F6>=6,$C6+(6-1)*$B$2,"") | R6: =IF(Q6="","",MIN(Q6+$B$2-1,105))
A7: 3 | B7: =CEILING(A7/5,1) -> 1 | C7: =(MATCH(1,INDEX('Shot Map'!$B$6:$V$26,0,B7),0)-1)*5+1 -> 46 | D7: =(MATCH(1,INDEX('Shot Map'!$B$6:$V$26,0,B7),0)+SUM(INDEX('Shot Map'!$B$6:$V$26,0,B7))-2)*5+5 -> 60 | E7: =D7-C7+1 -> 15 | F7: =ROUNDUP(E7/$B$2,0) -> 1 | G7: =IF($F7>=1,$C7+(1-1)*$B$2,"") -> 46 | H7: =IF(G7="","",MIN(G7+$B$2-1,105)) -> 65 | I7: =IF($F7>=2,$C7+(2-1)*$B$2,"") | J7: =IF(I7="","",MIN(I7+$B$2-1,105)) | K7: =IF($F7>=3,$C7+(3-1)*$B$2,"") | L7: =IF(K7="","",MIN(K7+$B$2-1,105)) | M7: =IF($F7>=4,$C7+(4-1)*$B$2,"") | N7: =IF(M7="","",MIN(M7+$B$2-1,105)) | O7: =IF($F7>=5,$C7+(5-1)*$B$2,"") | P7: =IF(O7="","",MIN(O7+$B$2-1,105)) | Q7: =IF($F7>=6,$C7+(6-1)*$B$2,"") | R7: =IF(Q7="","",MIN(Q7+$B$2-1,105))
A8: 4 | B8: =CEILING(A8/5,1) -> 1 | C8: =(MATCH(1,INDEX('Shot Map'!$B$6:$V$26,0,B8),0)-1)*5+1 -> 46 | D8: =(MATCH(1,INDEX('Shot Map'!$B$6:$V$26,0,B8),0)+SUM(INDEX('Shot Map'!$B$6:$V$26,0,B8))-2)*5+5 -> 60 | E8: =D8-C8+1 -> 15 | F8: =ROUNDUP(E8/$B$2,0) -> 1 | G8: =IF($F8>=1,$C8+(1-1)*$B$2,"") -> 46 | H8: =IF(G8="","",MIN(G8+$B$2-1,105)) -> 65 | I8: =IF($F8>=2,$C8+(2-1)*$B$2,"") | J8: =IF(I8="","",MIN(I8+$B$2-1,105)) | K8: =IF($F8>=3,$C8+(3-1)*$B$2,"") | L8: =IF(K8="","",MIN(K8+$B$2-1,105)) | M8: =IF($F8>=4,$C8+(4-1)*$B$2,"") | N8: =IF(M8="","",MIN(M8+$B$2-1,105)) | O8: =IF($F8>=5,$C8+(5-1)*$B$2,"") | P8: =IF(O8="","",MIN(O8+$B$2-1,105)) | Q8: =IF($F8>=6,$C8+(6-1)*$B$2,"") | R8: =IF(Q8="","",MIN(Q8+$B$2-1,105))
A9: 5 | B9: =CEILING(A9/5,1) -> 1 | C9: =(MATCH(1,INDEX('Shot Map'!$B$6:$V$26,0,B9),0)-1)*5+1 -> 46 | D9: =(MATCH(1,INDEX('Shot Map'!$B$6:$V$26,0,B9),0)+SUM(INDEX('Shot Map'!$B$6:$V$26,0,B9))-2)*5+5 -> 60 | E9: =D9-C9+1 -> 15 | F9: =ROUNDUP(E9/$B$2,0) -> 1 | G9: =IF($F9>=1,$C9+(1-1)*$B$2,"") -> 46 | H9: =IF(G9="","",MIN(G9+$B$2-1,105)) -> 65 | I9: =IF($F9>=2,$C9+(2-1)*$B$2,"") | J9: =IF(I9="","",MIN(I9+$B$2-1,105)) | K9: =IF($F9>=3,$C9+(3-1)*$B$2,"") | L9: =IF(K9="","",MIN(K9+$B$2-1,105)) | M9: =IF($F9>=4,$C9+(4-1)*$B$2,"") | N9: =IF(M9="","",MIN(M9+$B$2-1,105)) | O9: =IF($F9>=5,$C9+(5-1)*$B$2,"") | P9: =IF(O9="","",MIN(O9+$B$2-1,105)) | Q9: =IF($F9>=6,$C9+(6-1)*$B$2,"") | R9: =IF(Q9="","",MIN(Q9+$B$2-1,105))
A10: 6 | B10: =CEILING(A10/5,1) -> 2 | C10: =(MATCH(1,INDEX('Shot Map'!$B$6:$V$26,0,B10),0)-1)*5+1 -> 31 | D10: =(MATCH(1,INDEX('Shot Map'!$B$6:$V$26,0,B10),0)+SUM(INDEX('Shot Map'!$B$6:$V$26,0,B10))-2)*5+5 -> 75 | E10: =D10-C10+1 -> 45 | F10: =ROUNDUP(E10/$B$2,0) -> 3 | G10: =IF($F10>=1,$C10+(1-1)*$B$2,"") -> 31 | H10: =IF(G10="","",MIN(G10+$B$2-1,105)) -> 50 | I10: =IF($F10>=2,$C10+(2-1)*$B$2,"") -> 51 | J10: =IF(I10="","",MIN(I10+$B$2-1,105)) -> 70 | K10: =IF($F10>=3,$C10+(3-1)*$B$2,"") -> 71 | L10: =IF(K10="","",MIN(K10+$B$2-1,105)) -> 90 | M10: =IF($F10>=4,$C10+(4-1)*$B$2,"") | N10: =IF(M10="","",MIN(M10+$B$2-1,105)) | O10: =IF($F10>=5,$C10+(5-1)*$B$2,"") | P10: =IF(O10="","",MIN(O10+$B$2-1,105)) | Q10: =IF($F10>=6,$C10+(6-1)*$B$2,"") | R10: =IF(Q10="","",MIN(Q10+$B$2-1,105))
A11: 7 | B11: =CEILING(A11/5,1) -> 2 | C11: =(MATCH(1,INDEX('Shot Map'!$B$6:$V$26,0,B11),0)-1)*5+1 -> 31 | D11: =(MATCH(1,INDEX('Shot Map'!$B$6:$V$26,0,B11),0)+SUM(INDEX('Shot Map'!$B$6:$V$26,0,B11))-2)*5+5 -> 75 | E11: =D11-C11+1 -> 45 | F11: =ROUNDUP(E11/$B$2,0) -> 3 | G11: =IF($F11>=1,$C11+(1-1)*$B$2,"") -> 31 | H11: =IF(G11="","",MIN(G11+$B$2-1,105)) -> 50 | I11: =IF($F11>=2,$C11+(2-1)*$B$2,"") -> 51 | J11: =IF(I11="","",MIN(I11+$B$2-1,105)) -> 70 | K11: =IF($F11>=3,$C11+(3-1)*$B$2,"") -> 71 | L11: =IF(K11="","",MIN(K11+$B$2-1,105)) -> 90 | M11: =IF($F11>=4,$C11+(4-1)*$B$2,"") | N11: =IF(M11="","",MIN(M11+$B$2-1,105)) | O11: =IF($F11>=5,$C11+(5-1)*$B$2,"") | P11: =IF(O11="","",MIN(O11+$B$2-1,105)) | Q11: =IF($F11>=6,$C11+(6-1)*$B$2,"") | R11: =IF(Q11="","",MIN(Q11+$B$2-1,105))
A12: 8 | B12: =CEILING(A12/5,1) -> 2 | C12: =(MATCH(1,INDEX('Shot Map'!$B$6:$V$26,0,B12),0)-1)*5+1 -> 31 | D12: =(MATCH(1,INDEX('Shot Map'!$B$6:$V$26,0,B12),0)+SUM(INDEX('Shot Map'!$B$6:$V$26,0,B12))-2)*5+5 -> 75 | E12: =D12-C12+1 -> 45 | F12: =ROUNDUP(E12/$B$2,0) -> 3 | G12: =IF($F12>=1,$C12+(1-1)*$B$2,"") -> 31 | H12: =IF(G12="","",MIN(G12+$B$2-1,105)) -> 50 | I12: =IF($F12>=2,$C12+(2-1)*$B$2,"") -> 51 | J12: =IF(I12="","",MIN(I12+$B$2-1,105)) -> 70 | K12: =IF($F12>=3,$C12+(3-1)*$B$2,"") -> 71 | L12: =IF(K12="","",MIN(K12+$B$2-1,105)) -> 90 | M12: =IF($F12>=4,$C12+(4-1)*$B$2,"") | N12: =IF(M12="","",MIN(M12+$B$2-1,105)) | O12: =IF($F12>=5,$C12+(5-1)*$B$2,"") | P12: =IF(O12="","",MIN(O12+$B$2-1,105)) | Q12: =IF($F12>=6,$C12+(6-1)*$B$2,"") | R12: =IF(Q12="","",MIN(Q12+$B$2-1,105))
A13: 9 | B13: =CEILING(A13/5,1) -> 2 | C13: =(MATCH(1,INDEX('Shot Map'!$B$6:$V$26,0,B13),0)-1)*5+1 -> 31 | D13: =(MATCH(1,INDEX('Shot Map'!$B$6:$V$26,0,B13),0)+SUM(INDEX('Shot Map'!$B$6:$V$26,0,B13))-2)*5+5 -> 75 | E13: =D13-C13+1 -> 45 | F13: =ROUNDUP(E13/$B$2,0) -> 3 | G13: =IF($F13>=1,$C13+(1-1)*$B$2,"") -> 31 | H13: =IF(G13="","",MIN(G13+$B$2-1,105)) -> 50 | I13: =IF($F13>=2,$C13+(2-1)*$B$2,"") -> 51 | J13: =IF(I13="","",MIN(I13+$B$2-1,105)) -> 70 | K13: =IF($F13>=3,$C13+(3-1)*$B$2,"") -> 71 | L13: =IF(K13="","",MIN(K13+$B$2-1,105)) -> 90 | M13: =IF($F13>=4,$C13+(4-1)*$B$2,"") | N13: =IF(M13="","",MIN(M13+$B$2-1,105)) | O13: =IF($F13>=5,$C13+(5-1)*$B$2,"") | P13: =IF(O13="","",MIN(O13+$B$2-1,105)) | Q13: =IF($F13>=6,$C13+(6-1)*$B$2,"") | R13: =IF(Q13="","",MIN(Q13+$B$2-1,105))
A14: 10 | B14: =CEILING(A14/5,1) -> 2 | C14: =(MATCH(1,INDEX('Shot Map'!$B$6:$V$26,0,B14),0)-1)*5+1 -> 31 | D14: =(MATCH(1,INDEX('Shot Map'!$B$6:$V$26,0,B14),0)+SUM(INDEX('Shot Map'!$B$6:$V$26,0,B14))-2)*5+5 -> 75 | E14: =D14-C14+1 -> 45 | F14: =ROUNDUP(E14/$B$2,0) -> 3 | G14: =IF($F14>=1,$C14+(1-1)*$B$2,"") -> 31 | H14: =IF(G14="","",MIN(G14+$B$2-1,105)) -> 50 | I14: =IF($F14>=2,$C14+(2-1)*$B$2,"") -> 51 | J14: =IF(I14="","",MIN(I14+$B$2-1,105)) -> 70 | K14: =IF($F14>=3,$C14+(3-1)*$B$2,"") -> 71 | L14: =IF(K14="","",MIN(K14+$B$2-1,105)) -> 90 | M14: =IF($F14>=4,$C14+(4-1)*$B$2,"") | N14: =IF(M14="","",MIN(M14+$B$2-1,105)) | O14: =IF($F14>=5,$C14+(5-1)*$B$2,"") | P14: =IF(O14="","",MIN(O14+$B$2-1,105)) | Q14: =IF($F14>=6,$C14+(6-1)*$B$2,"") | R14: =IF(Q14="","",MIN(Q14+$B$2-1,105))
A15: 11 | B15: =CEILING(A15/5,1) -> 3 | C15: =(MATCH(1,INDEX('Shot Map'!$B$6:$V$26,0,B15),0)-1)*5+1 -> 21 | D15: =(MATCH(1,INDEX('Shot Map'!$B$6:$V$26,0,B15),0)+SUM(INDEX('Shot Map'!$B$6:$V$26,0,B15))-2)*5+5 -> 85 | E15: =D15-C15+1 -> 65 | F15: =ROUNDUP(E15/$B$2,0) -> 4 | G15: =IF($F15>=1,$C15+(1-1)*$B$2,"") -> 21 | H15: =IF(G15="","",MIN(G15+$B$2-1,105)) -> 40 | I15: =IF($F15>=2,$C15+(2-1)*$B$2,"") -> 41 | J15: =IF(I15="","",MIN(I15+$B$2-1,105)) -> 60 | K15: =IF($F15>=3,$C15+(3-1)*$B$2,"") -> 61 | L15: =IF(K15="","",MIN(K15+$B$2-1,105)) -> 80 | M15: =IF($F15>=4,$C15+(4-1)*$B$2,"") -> 81 | N15: =IF(M15="","",MIN(M15+$B$2-1,105)) -> 100 | O15: =IF($F15>=5,$C15+(5-1)*$B$2,"") | P15: =IF(O15="","",MIN(O15+$B$2-1,105)) | Q15: =IF($F15>=6,$C15+(6-1)*$B$2,"") | R15: =IF(Q15="","",MIN(Q15+$B$2-1,105))
A16: 12 | B16: =CEILING(A16/5,1) -> 3 | C16: =(MATCH(1,INDEX('Shot Map'!$B$6:$V$26,0,B16),0)-1)*5+1 -> 21 | D16: =(MATCH(1,INDEX('Shot Map'!$B$6:$V$26,0,B16),0)+SUM(INDEX('Shot Map'!$B$6:$V$26,0,B16))-2)*5+5 -> 85 | E16: =D16-C16+1 -> 65 | F16: =ROUNDUP(E16/$B$2,0) -> 4 | G16: =IF($F16>=1,$C16+(1-1)*$B$2,"") -> 21 | H16: =IF(G16="","",MIN(G16+$B$2-1,105)) -> 40 | I16: =IF($F16>=2,$C16+(2-1)*$B$2,"") -> 41 | J16: =IF(I16="","",MIN(I16+$B$2-1,105)) -> 60 | K16: =IF($F16>=3,$C16+(3-1)*$B$2,"") -> 61 | L16: =IF(K16="","",MIN(K16+$B$2-1,105)) -> 80 | M16: =IF($F16>=4,$C16+(4-1)*$B$2,"") -> 81 | N16: =IF(M16="","",MIN(M16+$B$2-1,105)) -> 100 | O16: =IF($F16>=5,$C16+(5-1)*$B$2,"") | P16: =IF(O16="","",MIN(O16+$B$2-1,105)) | Q16: =IF($F16>=6,$C16+(6-1)*$B$2,"") | R16: =IF(Q16="","",MIN(Q16+$B$2-1,105))
... A109: 105 | B109: =CEILING(A109/5,1) -> 21 | C109: =(MATCH(1,INDEX('Shot Map'!$B$6:$V$26,0,B109),0)-1)*5+1 -> 46 | D109: =(MATCH(1,INDEX('Shot Map'!$B$6:$V$26,0,B109),0)+SUM(INDEX('Shot Map'!$B$6:$V$26,0,B109))-2)*5+5 -> 60 | E109: =D109-C109+1 -> 15 | F109: =ROUNDUP(E109/$B$2,0) -> 1 | G109: =IF($F109>=1,$C109+(1-1)*$B$2,"") -> 46 | H109: =IF(G109="","",MIN(G109+$B$2-1,105)) -> 65 | I109: =IF($F109>=2,$C109+(2-1)*$B$2,"") | J109: =IF(I109="","",MIN(I109+$B$2-1,105)) | K109: =IF($F109>=3,$C109+(3-1)*$B$2,"") | L109: =IF(K109="","",MIN(K109+$B$2-1,105)) | M109: =IF($F109>=4,$C109+(4-1)*$B$2,"") | N109: =IF(M109="","",MIN(M109+$B$2-1,105)) | O109: =IF($F109>=5,$C109+(5-1)*$B$2,"") | P109: =IF(O109="","",MIN(O109+$B$2-1,105)) | Q109: =IF($F109>=6,$C109+(6-1)*$B$2,"") | R109: =IF(Q109="","",MIN(Q109+$B$2-1,105))
A111: Total touchdowns needed to scan every column once: | F111: =SUM(F5:F109) -> 460
A112: Max touchdowns needed for any single column: | F112: =MAX(F5:F109) -> 6
A113: Total on-wafer dies: | F113: =SUM(E5:E109) -> 8125

Sheet Die Map
A1: Die Map - serial shown as LL### (letters=row, numbers=column); color = on/off wafer
A2: row\col | B2: 1 | C2: 2 | D2: 3 | E2: 4 | F2: 5 | G2: 6 | H2: 7 | I2: 8 | J2: 9 | K2: 10 | L2: 11 | M2: 12 | N2: 13 | O2: 14 | P2: 15 | Q2: 16 | R2: 17 | S2: 18 | T2: 19 | U2: 20 | V2: 21 | W2: 22 | X2: 23 | Y2: 24 | Z2: 25 | AA2: 26 | AB2: 27 | AC2: 28 | AD2: 29 | AE2: 30 | AF2: 31 | AG2: 32 | AH2: 33 | AI2: 34 | AJ2: 35 | AK2: 36 | AL2: 37 | AM2: 38 | AN2: 39 | AO2: 40 | AP2: 41 | AQ2: 42 | AR2: 43 | AS2: 44 | AT2: 45 | AU2: 46 | AV2: 47 | AW2: 48 | AX2: 49 | AY2: 50 | AZ2: 51 | BA2: 52 | BB2: 53 | BC2: 54 | BD2: 55 | BE2: 56 | BF2: 57 | BG2: 58 | BH2: 59 | BI2: 60 | BJ2: 61 | BK2: 62 | BL2: 63 | BM2: 64 | BN2: 65 | BO2: 66 | BP2: 67 | BQ2: 68 | BR2: 69 | BS2: 70 | BT2: 71 | BU2: 72 | BV2: 73 | BW2: 74 | BX2: 75 | BY2: 76 | BZ2: 77 | CA2: 78 | CB2: 79 | CC2: 80 | CD2: 81 | CE2: 82 | CF2: 83 | CG2: 84 | CH2: 85 | CI2: 86 | CJ2: 87 | CK2: 88 | CL2: 89 | CM2: 90 | CN2: 91 | CO2: 92 | CP2: 93 | CQ2: 94 | CR2: 95 | CS2: 96 | CT2: 97 | CU2: 98 | CV2: 99 | CW2: 100 | CX2: 101 | CY2: 102 | CZ2: 103 | DA2: 104 | DB2: 105
A3: 1 | B3: =IF(INDEX('Shot Map'!$B$6:$V$26,CEILING($A3/5,1),CEILING(B$2/5,1))=1,INDEX('Serial Reference'!$A$8:$W$8,1,FLOOR(($A3-1)/23,1)+1)&INDEX('Serial Reference'!$A$8:$W$8,1,MOD($A3-1,23)+1)&TEXT(B$2+FLOOR((B$2-1)/9,1),"000"),"") | C3: =IF(INDEX('Shot Map'!$B$6:$V$26,CEILING($A3/5,1),CEILING(C$2/5,1))=1,INDEX('Serial Reference'!$A$8:$W$8,1,FLOOR(($A3-1)/23,1)+1)&INDEX('Serial Reference'!$A$8:$W$8,1,MOD($A3-1,23)+1)&TEXT(C$2+FLOOR((C$2-1)/9,1),"000"),"") | D3: =IF(INDEX('Shot Map'!$B$6:$V$26,CEILING($A3/5,1),CEILING(D$2/5,1))=1,INDEX('Serial Reference'!$A$8:$W$8,1,FLOOR(($A3-1)/23,1)+1)&INDEX('Serial Reference'!$A$8:$W$8,1,MOD($A3-1,23)+1)&TEXT(D$2+FLOOR((D$2-1)/9,1),"000"),"") | E3: =IF(INDEX('Shot Map'!$B$6:$V$26,CEILING($A3/5,1),CEILING(E$2/5,1))=1,INDEX('Serial Reference'!$A$8:$W$8,1,FLOOR(($A3-1)/23,1)+1)&INDEX('Serial Reference'!$A$8:$W$8,1,MOD($A3-1,23)+1)&TEXT(E$2+FLOOR((E$2-1)/9,1),"000"),"") | F3: =IF(INDEX('Shot Map'!$B$6:$V$26,CEILING($A3/5,1),CEILING(F$2/5,1))=1,INDEX('Serial Reference'!$A$8:$W$8,1,FLOOR(($A3-1)/23,1)+1)&INDEX('Serial Reference'!$A$8:$W$8,1,MOD($A3-1,23)+1)&TEXT(F$2+FLOOR((F$2-1)/9,1),"000"),"") | G3: =IF(INDEX('Shot Map'!$B$6:$V$26,CEILING($A3/5,1),CEILING(G$2/5,1))=1,INDEX('Serial Reference'!$A$8:$W$8,1,FLOOR(($A3-1)/23,1)+1)&INDEX('Serial Reference'!$A$8:$W$8,1,MOD($A3-1,23)+1)&TEXT(G$2+FLOOR((G$2-1)/9,1),"000"),"") | H3: =IF(INDEX('Shot Map'!$B$6:$V$26,CEILING($A3/5,1),CEILING(H$2/5,1))=1,INDEX('Serial Reference'!$A$8:$W$8,1,FLOOR(($A3-1)/23,1)+1)&INDEX('Serial Reference'!$A$8:$W$8,1,MOD($A3-1,23)+1)&TEXT(H$2+FLOOR((H$2-1)/9,1),"000"),"") | I3: =IF(INDEX('Shot Map'!$B$6:$V$26,CEILING($A3/5,1),CEILING(I$2/5,1))=1,INDEX('Serial Reference'!$A$8:$W$8,1,FLOOR(($A3-1)/23,1)+1)&INDEX('Serial Reference'!$A$8:$W$8,1,MOD($A3-1,23)+1)&TEXT(I$2+FLOOR((I$2-1)/9,1),"000"),"") | ... DB3: =IF(INDEX('Shot Map'!$B$6:$V$26,CEILING($A3/5,1),CEILING(DB$2/5,1))=1,INDEX('Serial Reference'!$A$8:$W$8,1,FLOOR(($A3-1)/23,1)+1)&INDEX('Serial Reference'!$A$8:$W$8,1,MOD($A3-1,23)+1)&TEXT(DB$2+FLOOR((DB$2-1)/9,1),"000"),"")
A4: 2 | B4: =IF(INDEX('Shot Map'!$B$6:$V$26,CEILING($A4/5,1),CEILING(B$2/5,1))=1,INDEX('Serial Reference'!$A$8:$W$8,1,FLOOR(($A4-1)/23,1)+1)&INDEX('Serial Reference'!$A$8:$W$8,1,MOD($A4-1,23)+1)&TEXT(B$2+FLOOR((B$2-1)/9,1),"000"),"") | C4: =IF(INDEX('Shot Map'!$B$6:$V$26,CEILING($A4/5,1),CEILING(C$2/5,1))=1,INDEX('Serial Reference'!$A$8:$W$8,1,FLOOR(($A4-1)/23,1)+1)&INDEX('Serial Reference'!$A$8:$W$8,1,MOD($A4-1,23)+1)&TEXT(C$2+FLOOR((C$2-1)/9,1),"000"),"") | D4: =IF(INDEX('Shot Map'!$B$6:$V$26,CEILING($A4/5,1),CEILING(D$2/5,1))=1,INDEX('Serial Reference'!$A$8:$W$8,1,FLOOR(($A4-1)/23,1)+1)&INDEX('Serial Reference'!$A$8:$W$8,1,MOD($A4-1,23)+1)&TEXT(D$2+FLOOR((D$2-1)/9,1),"000"),"") | E4: =IF(INDEX('Shot Map'!$B$6:$V$26,CEILING($A4/5,1),CEILING(E$2/5,1))=1,INDEX('Serial Reference'!$A$8:$W$8,1,FLOOR(($A4-1)/23,1)+1)&INDEX('Serial Reference'!$A$8:$W$8,1,MOD($A4-1,23)+1)&TEXT(E$2+FLOOR((E$2-1)/9,1),"000"),"") | F4: =IF(INDEX('Shot Map'!$B$6:$V$26,CEILING($A4/5,1),CEILING(F$2/5,1))=1,INDEX('Serial Reference'!$A$8:$W$8,1,FLOOR(($A4-1)/23,1)+1)&INDEX('Serial Reference'!$A$8:$W$8,1,MOD($A4-1,23)+1)&TEXT(F$2+FLOOR((F$2-1)/9,1),"000"),"") | G4: =IF(INDEX('Shot Map'!$B$6:$V$26,CEILING($A4/5,1),CEILING(G$2/5,1))=1,INDEX('Serial Reference'!$A$8:$W$8,1,FLOOR(($A4-1)/23,1)+1)&INDEX('Serial Reference'!$A$8:$W$8,1,MOD($A4-1,23)+1)&TEXT(G$2+FLOOR((G$2-1)/9,1),"000"),"") | H4: =IF(INDEX('Shot Map'!$B$6:$V$26,CEILING($A4/5,1),CEILING(H$2/5,1))=1,INDEX('Serial Reference'!$A$8:$W$8,1,FLOOR(($A4-1)/23,1)+1)&INDEX('Serial Reference'!$A$8:$W$8,1,MOD($A4-1,23)+1)&TEXT(H$2+FLOOR((H$2-1)/9,1),"000"),"") | I4: =IF(INDEX('Shot Map'!$B$6:$V$26,CEILING($A4/5,1),CEILING(I$2/5,1))=1,INDEX('Serial Reference'!$A$8:$W$8,1,FLOOR(($A4-1)/23,1)+1)&INDEX('Serial Reference'!$A$8:$W$8,1,MOD($A4-1,23)+1)&TEXT(I$2+FLOOR((I$2-1)/9,1),"000"),"") | ... DB4: =IF(INDEX('Shot Map'!$B$6:$V$26,CEILING($A4/5,1),CEILING(DB$2/5,1))=1,INDEX('Serial Reference'!$A$8:$W$8,1,FLOOR(($A4-1)/23,1)+1)&INDEX('Serial Reference'!$A$8:$W$8,1,MOD($A4-1,23)+1)&TEXT(DB$2+FLOOR((DB$2-1)/9,1),"000"),"")
A5: 3 | B5: =IF(INDEX('Shot Map'!$B$6:$V$26,CEILING($A5/5,1),CEILING(B$2/5,1))=1,INDEX('Serial Reference'!$A$8:$W$8,1,FLOOR(($A5-1)/23,1)+1)&INDEX('Serial Reference'!$A$8:$W$8,1,MOD($A5-1,23)+1)&TEXT(B$2+FLOOR((B$2-1)/9,1),"000"),"") | C5: =IF(INDEX('Shot Map'!$B$6:$V$26,CEILING($A5/5,1),CEILING(C$2/5,1))=1,INDEX('Serial Reference'!$A$8:$W$8,1,FLOOR(($A5-1)/23,1)+1)&INDEX('Serial Reference'!$A$8:$W$8,1,MOD($A5-1,23)+1)&TEXT(C$2+FLOOR((C$2-1)/9,1),"000"),"") | D5: =IF(INDEX('Shot Map'!$B$6:$V$26,CEILING($A5/5,1),CEILING(D$2/5,1))=1,INDEX('Serial Reference'!$A$8:$W$8,1,FLOOR(($A5-1)/23,1)+1)&INDEX('Serial Reference'!$A$8:$W$8,1,MOD($A5-1,23)+1)&TEXT(D$2+FLOOR((D$2-1)/9,1),"000"),"") | E5: =IF(INDEX('Shot Map'!$B$6:$V$26,CEILING($A5/5,1),CEILING(E$2/5,1))=1,INDEX('Serial Reference'!$A$8:$W$8,1,FLOOR(($A5-1)/23,1)+1)&INDEX('Serial Reference'!$A$8:$W$8,1,MOD($A5-1,23)+1)&TEXT(E$2+FLOOR((E$2-1)/9,1),"000"),"") | F5: =IF(INDEX('Shot Map'!$B$6:$V$26,CEILING($A5/5,1),CEILING(F$2/5,1))=1,INDEX('Serial Reference'!$A$8:$W$8,1,FLOOR(($A5-1)/23,1)+1)&INDEX('Serial Reference'!$A$8:$W$8,1,MOD($A5-1,23)+1)&TEXT(F$2+FLOOR((F$2-1)/9,1),"000"),"") | G5: =IF(INDEX('Shot Map'!$B$6:$V$26,CEILING($A5/5,1),CEILING(G$2/5,1))=1,INDEX('Serial Reference'!$A$8:$W$8,1,FLOOR(($A5-1)/23,1)+1)&INDEX('Serial Reference'!$A$8:$W$8,1,MOD($A5-1,23)+1)&TEXT(G$2+FLOOR((G$2-1)/9,1),"000"),"") | H5: =IF(INDEX('Shot Map'!$B$6:$V$26,CEILING($A5/5,1),CEILING(H$2/5,1))=1,INDEX('Serial Reference'!$A$8:$W$8,1,FLOOR(($A5-1)/23,1)+1)&INDEX('Serial Reference'!$A$8:$W$8,1,MOD($A5-1,23)+1)&TEXT(H$2+FLOOR((H$2-1)/9,1),"000"),"") | I5: =IF(INDEX('Shot Map'!$B$6:$V$26,CEILING($A5/5,1),CEILING(I$2/5,1))=1,INDEX('Serial Reference'!$A$8:$W$8,1,FLOOR(($A5-1)/23,1)+1)&INDEX('Serial Reference'!$A$8:$W$8,1,MOD($A5-1,23)+1)&TEXT(I$2+FLOOR((I$2-1)/9,1),"000"),"") | ... DB5: =IF(INDEX('Shot Map'!$B$6:$V$26,CEILING($A5/5,1),CEILING(DB$2/5,1))=1,INDEX('Serial Reference'!$A$8:$W$8,1,FLOOR(($A5-1)/23,1)+1)&INDEX('Serial Reference'!$A$8:$W$8,1,MOD($A5-1,23)+1)&TEXT(DB$2+FLOOR((DB$2-1)/9,1),"000"),"")
A6: 4 | B6: =IF(INDEX('Shot Map'!$B$6:$V$26,CEILING($A6/5,1),CEILING(B$2/5,1))=1,INDEX('Serial Reference'!$A$8:$W$8,1,FLOOR(($A6-1)/23,1)+1)&INDEX('Serial Reference'!$A$8:$W$8,1,MOD($A6-1,23)+1)&TEXT(B$2+FLOOR((B$2-1)/9,1),"000"),"") | C6: =IF(INDEX('Shot Map'!$B$6:$V$26,CEILING($A6/5,1),CEILING(C$2/5,1))=1,INDEX('Serial Reference'!$A$8:$W$8,1,FLOOR(($A6-1)/23,1)+1)&INDEX('Serial Reference'!$A$8:$W$8,1,MOD($A6-1,23)+1)&TEXT(C$2+FLOOR((C$2-1)/9,1),"000"),"") | D6: =IF(INDEX('Shot Map'!$B$6:$V$26,CEILING($A6/5,1),CEILING(D$2/5,1))=1,INDEX('Serial Reference'!$A$8:$W$8,1,FLOOR(($A6-1)/23,1)+1)&INDEX('Serial Reference'!$A$8:$W$8,1,MOD($A6-1,23)+1)&TEXT(D$2+FLOOR((D$2-1)/9,1),"000"),"") | E6: =IF(INDEX('Shot Map'!$B$6:$V$26,CEILING($A6/5,1),CEILING(E$2/5,1))=1,INDEX('Serial Reference'!$A$8:$W$8,1,FLOOR(($A6-1)/23,1)+1)&INDEX('Serial Reference'!$A$8:$W$8,1,MOD($A6-1,23)+1)&TEXT(E$2+FLOOR((E$2-1)/9,1),"000"),"") | F6: =IF(INDEX('Shot Map'!$B$6:$V$26,CEILING($A6/5,1),CEILING(F$2/5,1))=1,INDEX('Serial Reference'!$A$8:$W$8,1,FLOOR(($A6-1)/23,1)+1)&INDEX('Serial Reference'!$A$8:$W$8,1,MOD($A6-1,23)+1)&TEXT(F$2+FLOOR((F$2-1)/9,1),"000"),"") | G6: =IF(INDEX('Shot Map'!$B$6:$V$26,CEILING($A6/5,1),CEILING(G$2/5,1))=1,INDEX('Serial Reference'!$A$8:$W$8,1,FLOOR(($A6-1)/23,1)+1)&INDEX('Serial Reference'!$A$8:$W$8,1,MOD($A6-1,23)+1)&TEXT(G$2+FLOOR((G$2-1)/9,1),"000"),"") | H6: =IF(INDEX('Shot Map'!$B$6:$V$26,CEILING($A6/5,1),CEILING(H$2/5,1))=1,INDEX('Serial Reference'!$A$8:$W$8,1,FLOOR(($A6-1)/23,1)+1)&INDEX('Serial Reference'!$A$8:$W$8,1,MOD($A6-1,23)+1)&TEXT(H$2+FLOOR((H$2-1)/9,1),"000"),"") | I6: =IF(INDEX('Shot Map'!$B$6:$V$26,CEILING($A6/5,1),CEILING(I$2/5,1))=1,INDEX('Serial Reference'!$A$8:$W$8,1,FLOOR(($A6-1)/23,1)+1)&INDEX('Serial Reference'!$A$8:$W$8,1,MOD($A6-1,23)+1)&TEXT(I$2+FLOOR((I$2-1)/9,1),"000"),"") | ... DB6: =IF(INDEX('Shot Map'!$B$6:$V$26,CEILING($A6/5,1),CEILING(DB$2/5,1))=1,INDEX('Serial Reference'!$A$8:$W$8,1,FLOOR(($A6-1)/23,1)+1)&INDEX('Serial Reference'!$A$8:$W$8,1,MOD($A6-1,23)+1)&TEXT(DB$2+FLOOR((DB$2-1)/9,1),"000"),"")
A7: 5 | B7: =IF(INDEX('Shot Map'!$B$6:$V$26,CEILING($A7/5,1),CEILING(B$2/5,1))=1,INDEX('Serial Reference'!$A$8:$W$8,1,FLOOR(($A7-1)/23,1)+1)&INDEX('Serial Reference'!$A$8:$W$8,1,MOD($A7-1,23)+1)&TEXT(B$2+FLOOR((B$2-1)/9,1),"000"),"") | C7: =IF(INDEX('Shot Map'!$B$6:$V$26,CEILING($A7/5,1),CEILING(C$2/5,1))=1,INDEX('Serial Reference'!$A$8:$W$8,1,FLOOR(($A7-1)/23,1)+1)&INDEX('Serial Reference'!$A$8:$W$8,1,MOD($A7-1,23)+1)&TEXT(C$2+FLOOR((C$2-1)/9,1),"000"),"") | D7: =IF(INDEX('Shot Map'!$B$6:$V$26,CEILING($A7/5,1),CEILING(D$2/5,1))=1,INDEX('Serial Reference'!$A$8:$W$8,1,FLOOR(($A7-1)/23,1)+1)&INDEX('Serial Reference'!$A$8:$W$8,1,MOD($A7-1,23)+1)&TEXT(D$2+FLOOR((D$2-1)/9,1),"000"),"") | E7: =IF(INDEX('Shot Map'!$B$6:$V$26,CEILING($A7/5,1),CEILING(E$2/5,1))=1,INDEX('Serial Reference'!$A$8:$W$8,1,FLOOR(($A7-1)/23,1)+1)&INDEX('Serial Reference'!$A$8:$W$8,1,MOD($A7-1,23)+1)&TEXT(E$2+FLOOR((E$2-1)/9,1),"000"),"") | F7: =IF(INDEX('Shot Map'!$B$6:$V$26,CEILING($A7/5,1),CEILING(F$2/5,1))=1,INDEX('Serial Reference'!$A$8:$W$8,1,FLOOR(($A7-1)/23,1)+1)&INDEX('Serial Reference'!$A$8:$W$8,1,MOD($A7-1,23)+1)&TEXT(F$2+FLOOR((F$2-1)/9,1),"000"),"") | G7: =IF(INDEX('Shot Map'!$B$6:$V$26,CEILING($A7/5,1),CEILING(G$2/5,1))=1,INDEX('Serial Reference'!$A$8:$W$8,1,FLOOR(($A7-1)/23,1)+1)&INDEX('Serial Reference'!$A$8:$W$8,1,MOD($A7-1,23)+1)&TEXT(G$2+FLOOR((G$2-1)/9,1),"000"),"") | H7: =IF(INDEX('Shot Map'!$B$6:$V$26,CEILING($A7/5,1),CEILING(H$2/5,1))=1,INDEX('Serial Reference'!$A$8:$W$8,1,FLOOR(($A7-1)/23,1)+1)&INDEX('Serial Reference'!$A$8:$W$8,1,MOD($A7-1,23)+1)&TEXT(H$2+FLOOR((H$2-1)/9,1),"000"),"") | I7: =IF(INDEX('Shot Map'!$B$6:$V$26,CEILING($A7/5,1),CEILING(I$2/5,1))=1,INDEX('Serial Reference'!$A$8:$W$8,1,FLOOR(($A7-1)/23,1)+1)&INDEX('Serial Reference'!$A$8:$W$8,1,MOD($A7-1,23)+1)&TEXT(I$2+FLOOR((I$2-1)/9,1),"000"),"") | ... DB7: =IF(INDEX('Shot Map'!$B$6:$V$26,CEILING($A7/5,1),CEILING(DB$2/5,1))=1,INDEX('Serial Reference'!$A$8:$W$8,1,FLOOR(($A7-1)/23,1)+1)&INDEX('Serial Reference'!$A$8:$W$8,1,MOD($A7-1,23)+1)&TEXT(DB$2+FLOOR((DB$2-1)/9,1),"000"),"")
A8: 6 | B8: =IF(INDEX('Shot Map'!$B$6:$V$26,CEILING($A8/5,1),CEILING(B$2/5,1))=1,INDEX('Serial Reference'!$A$8:$W$8,1,FLOOR(($A8-1)/23,1)+1)&INDEX('Serial Reference'!$A$8:$W$8,1,MOD($A8-1,23)+1)&TEXT(B$2+FLOOR((B$2-1)/9,1),"000"),"") | C8: =IF(INDEX('Shot Map'!$B$6:$V$26,CEILING($A8/5,1),CEILING(C$2/5,1))=1,INDEX('Serial Reference'!$A$8:$W$8,1,FLOOR(($A8-1)/23,1)+1)&INDEX('Serial Reference'!$A$8:$W$8,1,MOD($A8-1,23)+1)&TEXT(C$2+FLOOR((C$2-1)/9,1),"000"),"") | D8: =IF(INDEX('Shot Map'!$B$6:$V$26,CEILING($A8/5,1),CEILING(D$2/5,1))=1,INDEX('Serial Reference'!$A$8:$W$8,1,FLOOR(($A8-1)/23,1)+1)&INDEX('Serial Reference'!$A$8:$W$8,1,MOD($A8-1,23)+1)&TEXT(D$2+FLOOR((D$2-1)/9,1),"000"),"") | E8: =IF(INDEX('Shot Map'!$B$6:$V$26,CEILING($A8/5,1),CEILING(E$2/5,1))=1,INDEX('Serial Reference'!$A$8:$W$8,1,FLOOR(($A8-1)/23,1)+1)&INDEX('Serial Reference'!$A$8:$W$8,1,MOD($A8-1,23)+1)&TEXT(E$2+FLOOR((E$2-1)/9,1),"000"),"") | F8: =IF(INDEX('Shot Map'!$B$6:$V$26,CEILING($A8/5,1),CEILING(F$2/5,1))=1,INDEX('Serial Reference'!$A$8:$W$8,1,FLOOR(($A8-1)/23,1)+1)&INDEX('Serial Reference'!$A$8:$W$8,1,MOD($A8-1,23)+1)&TEXT(F$2+FLOOR((F$2-1)/9,1),"000"),"") | G8: =IF(INDEX('Shot Map'!$B$6:$V$26,CEILING($A8/5,1),CEILING(G$2/5,1))=1,INDEX('Serial Reference'!$A$8:$W$8,1,FLOOR(($A8-1)/23,1)+1)&INDEX('Serial Reference'!$A$8:$W$8,1,MOD($A8-1,23)+1)&TEXT(G$2+FLOOR((G$2-1)/9,1),"000"),"") | H8: =IF(INDEX('Shot Map'!$B$6:$V$26,CEILING($A8/5,1),CEILING(H$2/5,1))=1,INDEX('Serial Reference'!$A$8:$W$8,1,FLOOR(($A8-1)/23,1)+1)&INDEX('Serial Reference'!$A$8:$W$8,1,MOD($A8-1,23)+1)&TEXT(H$2+FLOOR((H$2-1)/9,1),"000"),"") | I8: =IF(INDEX('Shot Map'!$B$6:$V$26,CEILING($A8/5,1),CEILING(I$2/5,1))=1,INDEX('Serial Reference'!$A$8:$W$8,1,FLOOR(($A8-1)/23,1)+1)&INDEX('Serial Reference'!$A$8:$W$8,1,MOD($A8-1,23)+1)&TEXT(I$2+FLOOR((I$2-1)/9,1),"000"),"") | ... DB8: =IF(INDEX('Shot Map'!$B$6:$V$26,CEILING($A8/5,1),CEILING(DB$2/5,1))=1,INDEX('Serial Reference'!$A$8:$W$8,1,FLOOR(($A8-1)/23,1)+1)&INDEX('Serial Reference'!$A$8:$W$8,1,MOD($A8-1,23)+1)&TEXT(DB$2+FLOOR((DB$2-1)/9,1),"000"),"")
A9: 7 | B9: =IF(INDEX('Shot Map'!$B$6:$V$26,CEILING($A9/5,1),CEILING(B$2/5,1))=1,INDEX('Serial Reference'!$A$8:$W$8,1,FLOOR(($A9-1)/23,1)+1)&INDEX('Serial Reference'!$A$8:$W$8,1,MOD($A9-1,23)+1)&TEXT(B$2+FLOOR((B$2-1)/9,1),"000"),"") | C9: =IF(INDEX('Shot Map'!$B$6:$V$26,CEILING($A9/5,1),CEILING(C$2/5,1))=1,INDEX('Serial Reference'!$A$8:$W$8,1,FLOOR(($A9-1)/23,1)+1)&INDEX('Serial Reference'!$A$8:$W$8,1,MOD($A9-1,23)+1)&TEXT(C$2+FLOOR((C$2-1)/9,1),"000"),"") | D9: =IF(INDEX('Shot Map'!$B$6:$V$26,CEILING($A9/5,1),CEILING(D$2/5,1))=1,INDEX('Serial Reference'!$A$8:$W$8,1,FLOOR(($A9-1)/23,1)+1)&INDEX('Serial Reference'!$A$8:$W$8,1,MOD($A9-1,23)+1)&TEXT(D$2+FLOOR((D$2-1)/9,1),"000"),"") | E9: =IF(INDEX('Shot Map'!$B$6:$V$26,CEILING($A9/5,1),CEILING(E$2/5,1))=1,INDEX('Serial Reference'!$A$8:$W$8,1,FLOOR(($A9-1)/23,1)+1)&INDEX('Serial Reference'!$A$8:$W$8,1,MOD($A9-1,23)+1)&TEXT(E$2+FLOOR((E$2-1)/9,1),"000"),"") | F9: =IF(INDEX('Shot Map'!$B$6:$V$26,CEILING($A9/5,1),CEILING(F$2/5,1))=1,INDEX('Serial Reference'!$A$8:$W$8,1,FLOOR(($A9-1)/23,1)+1)&INDEX('Serial Reference'!$A$8:$W$8,1,MOD($A9-1,23)+1)&TEXT(F$2+FLOOR((F$2-1)/9,1),"000"),"") | G9: =IF(INDEX('Shot Map'!$B$6:$V$26,CEILING($A9/5,1),CEILING(G$2/5,1))=1,INDEX('Serial Reference'!$A$8:$W$8,1,FLOOR(($A9-1)/23,1)+1)&INDEX('Serial Reference'!$A$8:$W$8,1,MOD($A9-1,23)+1)&TEXT(G$2+FLOOR((G$2-1)/9,1),"000"),"") | H9: =IF(INDEX('Shot Map'!$B$6:$V$26,CEILING($A9/5,1),CEILING(H$2/5,1))=1,INDEX('Serial Reference'!$A$8:$W$8,1,FLOOR(($A9-1)/23,1)+1)&INDEX('Serial Reference'!$A$8:$W$8,1,MOD($A9-1,23)+1)&TEXT(H$2+FLOOR((H$2-1)/9,1),"000"),"") | I9: =IF(INDEX('Shot Map'!$B$6:$V$26,CEILING($A9/5,1),CEILING(I$2/5,1))=1,INDEX('Serial Reference'!$A$8:$W$8,1,FLOOR(($A9-1)/23,1)+1)&INDEX('Serial Reference'!$A$8:$W$8,1,MOD($A9-1,23)+1)&TEXT(I$2+FLOOR((I$2-1)/9,1),"000"),"") | ... DB9: =IF(INDEX('Shot Map'!$B$6:$V$26,CEILING($A9/5,1),CEILING(DB$2/5,1))=1,INDEX('Serial Reference'!$A$8:$W$8,1,FLOOR(($A9-1)/23,1)+1)&INDEX('Serial Reference'!$A$8:$W$8,1,MOD($A9-1,23)+1)&TEXT(DB$2+FLOOR((DB$2-1)/9,1),"000"),"")
A10: 8 | B10: =IF(INDEX('Shot Map'!$B$6:$V$26,CEILING($A10/5,1),CEILING(B$2/5,1))=1,INDEX('Serial Reference'!$A$8:$W$8,1,FLOOR(($A10-1)/23,1)+1)&INDEX('Serial Reference'!$A$8:$W$8,1,MOD($A10-1,23)+1)&TEXT(B$2+FLOOR((B$2-1)/9,1),"000"),"") | C10: =IF(INDEX('Shot Map'!$B$6:$V$26,CEILING($A10/5,1),CEILING(C$2/5,1))=1,INDEX('Serial Reference'!$A$8:$W$8,1,FLOOR(($A10-1)/23,1)+1)&INDEX('Serial Reference'!$A$8:$W$8,1,MOD($A10-1,23)+1)&TEXT(C$2+FLOOR((C$2-1)/9,1),"000"),"") | D10: =IF(INDEX('Shot Map'!$B$6:$V$26,CEILING($A10/5,1),CEILING(D$2/5,1))=1,INDEX('Serial Reference'!$A$8:$W$8,1,FLOOR(($A10-1)/23,1)+1)&INDEX('Serial Reference'!$A$8:$W$8,1,MOD($A10-1,23)+1)&TEXT(D$2+FLOOR((D$2-1)/9,1),"000"),"") | E10: =IF(INDEX('Shot Map'!$B$6:$V$26,CEILING($A10/5,1),CEILING(E$2/5,1))=1,INDEX('Serial Reference'!$A$8:$W$8,1,FLOOR(($A10-1)/23,1)+1)&INDEX('Serial Reference'!$A$8:$W$8,1,MOD($A10-1,23)+1)&TEXT(E$2+FLOOR((E$2-1)/9,1),"000"),"") | F10: =IF(INDEX('Shot Map'!$B$6:$V$26,CEILING($A10/5,1),CEILING(F$2/5,1))=1,INDEX('Serial Reference'!$A$8:$W$8,1,FLOOR(($A10-1)/23,1)+1)&INDEX('Serial Reference'!$A$8:$W$8,1,MOD($A10-1,23)+1)&TEXT(F$2+FLOOR((F$2-1)/9,1),"000"),"") | G10: =IF(INDEX('Shot Map'!$B$6:$V$26,CEILING($A10/5,1),CEILING(G$2/5,1))=1,INDEX('Serial Reference'!$A$8:$W$8,1,FLOOR(($A10-1)/23,1)+1)&INDEX('Serial Reference'!$A$8:$W$8,1,MOD($A10-1,23)+1)&TEXT(G$2+FLOOR((G$2-1)/9,1),"000"),"") | H10: =IF(INDEX('Shot Map'!$B$6:$V$26,CEILING($A10/5,1),CEILING(H$2/5,1))=1,INDEX('Serial Reference'!$A$8:$W$8,1,FLOOR(($A10-1)/23,1)+1)&INDEX('Serial Reference'!$A$8:$W$8,1,MOD($A10-1,23)+1)&TEXT(H$2+FLOOR((H$2-1)/9,1),"000"),"") | I10: =IF(INDEX('Shot Map'!$B$6:$V$26,CEILING($A10/5,1),CEILING(I$2/5,1))=1,INDEX('Serial Reference'!$A$8:$W$8,1,FLOOR(($A10-1)/23,1)+1)&INDEX('Serial Reference'!$A$8:$W$8,1,MOD($A10-1,23)+1)&TEXT(I$2+FLOOR((I$2-1)/9,1),"000"),"") | ... DB10: =IF(INDEX('Shot Map'!$B$6:$V$26,CEILING($A10/5,1),CEILING(DB$2/5,1))=1,INDEX('Serial Reference'!$A$8:$W$8,1,FLOOR(($A10-1)/23,1)+1)&INDEX('Serial Reference'!$A$8:$W$8,1,MOD($A10-1,23)+1)&TEXT(DB$2+FLOOR((DB$2-1)/9,1),"000"),"")
A11: 9 | B11: =IF(INDEX('Shot Map'!$B$6:$V$26,CEILING($A11/5,1),CEILING(B$2/5,1))=1,INDEX('Serial Reference'!$A$8:$W$8,1,FLOOR(($A11-1)/23,1)+1)&INDEX('Serial Reference'!$A$8:$W$8,1,MOD($A11-1,23)+1)&TEXT(B$2+FLOOR((B$2-1)/9,1),"000"),"") | C11: =IF(INDEX('Shot Map'!$B$6:$V$26,CEILING($A11/5,1),CEILING(C$2/5,1))=1,INDEX('Serial Reference'!$A$8:$W$8,1,FLOOR(($A11-1)/23,1)+1)&INDEX('Serial Reference'!$A$8:$W$8,1,MOD($A11-1,23)+1)&TEXT(C$2+FLOOR((C$2-1)/9,1),"000"),"") | D11: =IF(INDEX('Shot Map'!$B$6:$V$26,CEILING($A11/5,1),CEILING(D$2/5,1))=1,INDEX('Serial Reference'!$A$8:$W$8,1,FLOOR(($A11-1)/23,1)+1)&INDEX('Serial Reference'!$A$8:$W$8,1,MOD($A11-1,23)+1)&TEXT(D$2+FLOOR((D$2-1)/9,1),"000"),"") | E11: =IF(INDEX('Shot Map'!$B$6:$V$26,CEILING($A11/5,1),CEILING(E$2/5,1))=1,INDEX('Serial Reference'!$A$8:$W$8,1,FLOOR(($A11-1)/23,1)+1)&INDEX('Serial Reference'!$A$8:$W$8,1,MOD($A11-1,23)+1)&TEXT(E$2+FLOOR((E$2-1)/9,1),"000"),"") | F11: =IF(INDEX('Shot Map'!$B$6:$V$26,CEILING($A11/5,1),CEILING(F$2/5,1))=1,INDEX('Serial Reference'!$A$8:$W$8,1,FLOOR(($A11-1)/23,1)+1)&INDEX('Serial Reference'!$A$8:$W$8,1,MOD($A11-1,23)+1)&TEXT(F$2+FLOOR((F$2-1)/9,1),"000"),"") | G11: =IF(INDEX('Shot Map'!$B$6:$V$26,CEILING($A11/5,1),CEILING(G$2/5,1))=1,INDEX('Serial Reference'!$A$8:$W$8,1,FLOOR(($A11-1)/23,1)+1)&INDEX('Serial Reference'!$A$8:$W$8,1,MOD($A11-1,23)+1)&TEXT(G$2+FLOOR((G$2-1)/9,1),"000"),"") | H11: =IF(INDEX('Shot Map'!$B$6:$V$26,CEILING($A11/5,1),CEILING(H$2/5,1))=1,INDEX('Serial Reference'!$A$8:$W$8,1,FLOOR(($A11-1)/23,1)+1)&INDEX('Serial Reference'!$A$8:$W$8,1,MOD($A11-1,23)+1)&TEXT(H$2+FLOOR((H$2-1)/9,1),"000"),"") | I11: =IF(INDEX('Shot Map'!$B$6:$V$26,CEILING($A11/5,1),CEILING(I$2/5,1))=1,INDEX('Serial Reference'!$A$8:$W$8,1,FLOOR(($A11-1)/23,1)+1)&INDEX('Serial Reference'!$A$8:$W$8,1,MOD($A11-1,23)+1)&TEXT(I$2+FLOOR((I$2-1)/9,1),"000"),"") | ... DB11: =IF(INDEX('Shot Map'!$B$6:$V$26,CEILING($A11/5,1),CEILING(DB$2/5,1))=1,INDEX('Serial Reference'!$A$8:$W$8,1,FLOOR(($A11-1)/23,1)+1)&INDEX('Serial Reference'!$A$8:$W$8,1,MOD($A11-1,23)+1)&TEXT(DB$2+FLOOR((DB$2-1)/9,1),"000"),"")
A12: 10 | B12: =IF(INDEX('Shot Map'!$B$6:$V$26,CEILING($A12/5,1),CEILING(B$2/5,1))=1,INDEX('Serial Reference'!$A$8:$W$8,1,FLOOR(($A12-1)/23,1)+1)&INDEX('Serial Reference'!$A$8:$W$8,1,MOD($A12-1,23)+1)&TEXT(B$2+FLOOR((B$2-1)/9,1),"000"),"") | C12: =IF(INDEX('Shot Map'!$B$6:$V$26,CEILING($A12/5,1),CEILING(C$2/5,1))=1,INDEX('Serial Reference'!$A$8:$W$8,1,FLOOR(($A12-1)/23,1)+1)&INDEX('Serial Reference'!$A$8:$W$8,1,MOD($A12-1,23)+1)&TEXT(C$2+FLOOR((C$2-1)/9,1),"000"),"") | D12: =IF(INDEX('Shot Map'!$B$6:$V$26,CEILING($A12/5,1),CEILING(D$2/5,1))=1,INDEX('Serial Reference'!$A$8:$W$8,1,FLOOR(($A12-1)/23,1)+1)&INDEX('Serial Reference'!$A$8:$W$8,1,MOD($A12-1,23)+1)&TEXT(D$2+FLOOR((D$2-1)/9,1),"000"),"") | E12: =IF(INDEX('Shot Map'!$B$6:$V$26,CEILING($A12/5,1),CEILING(E$2/5,1))=1,INDEX('Serial Reference'!$A$8:$W$8,1,FLOOR(($A12-1)/23,1)+1)&INDEX('Serial Reference'!$A$8:$W$8,1,MOD($A12-1,23)+1)&TEXT(E$2+FLOOR((E$2-1)/9,1),"000"),"") | F12: =IF(INDEX('Shot Map'!$B$6:$V$26,CEILING($A12/5,1),CEILING(F$2/5,1))=1,INDEX('Serial Reference'!$A$8:$W$8,1,FLOOR(($A12-1)/23,1)+1)&INDEX('Serial Reference'!$A$8:$W$8,1,MOD($A12-1,23)+1)&TEXT(F$2+FLOOR((F$2-1)/9,1),"000"),"") | G12: =IF(INDEX('Shot Map'!$B$6:$V$26,CEILING($A12/5,1),CEILING(G$2/5,1))=1,INDEX('Serial Reference'!$A$8:$W$8,1,FLOOR(($A12-1)/23,1)+1)&INDEX('Serial Reference'!$A$8:$W$8,1,MOD($A12-1,23)+1)&TEXT(G$2+FLOOR((G$2-1)/9,1),"000"),"") | H12: =IF(INDEX('Shot Map'!$B$6:$V$26,CEILING($A12/5,1),CEILING(H$2/5,1))=1,INDEX('Serial Reference'!$A$8:$W$8,1,FLOOR(($A12-1)/23,1)+1)&INDEX('Serial Reference'!$A$8:$W$8,1,MOD($A12-1,23)+1)&TEXT(H$2+FLOOR((H$2-1)/9,1),"000"),"") | I12: =IF(INDEX('Shot Map'!$B$6:$V$26,CEILING($A12/5,1),CEILING(I$2/5,1))=1,INDEX('Serial Reference'!$A$8:$W$8,1,FLOOR(($A12-1)/23,1)+1)&INDEX('Serial Reference'!$A$8:$W$8,1,MOD($A12-1,23)+1)&TEXT(I$2+FLOOR((I$2-1)/9,1),"000"),"") | ... DB12: =IF(INDEX('Shot Map'!$B$6:$V$26,CEILING($A12/5,1),CEILING(DB$2/5,1))=1,INDEX('Serial Reference'!$A$8:$W$8,1,FLOOR(($A12-1)/23,1)+1)&INDEX('Serial Reference'!$A$8:$W$8,1,MOD($A12-1,23)+1)&TEXT(DB$2+FLOOR((DB$2-1)/9,1),"000"),"")
A13: 11 | B13: =IF(INDEX('Shot Map'!$B$6:$V$26,CEILING($A13/5,1),CEILING(B$2/5,1))=1,INDEX('Serial Reference'!$A$8:$W$8,1,FLOOR(($A13-1)/23,1)+1)&INDEX('Serial Reference'!$A$8:$W$8,1,MOD($A13-1,23)+1)&TEXT(B$2+FLOOR((B$2-1)/9,1),"000"),"") | C13: =IF(INDEX('Shot Map'!$B$6:$V$26,CEILING($A13/5,1),CEILING(C$2/5,1))=1,INDEX('Serial Reference'!$A$8:$W$8,1,FLOOR(($A13-1)/23,1)+1)&INDEX('Serial Reference'!$A$8:$W$8,1,MOD($A13-1,23)+1)&TEXT(C$2+FLOOR((C$2-1)/9,1),"000"),"") | D13: =IF(INDEX('Shot Map'!$B$6:$V$26,CEILING($A13/5,1),CEILING(D$2/5,1))=1,INDEX('Serial Reference'!$A$8:$W$8,1,FLOOR(($A13-1)/23,1)+1)&INDEX('Serial Reference'!$A$8:$W$8,1,MOD($A13-1,23)+1)&TEXT(D$2+FLOOR((D$2-1)/9,1),"000"),"") | E13: =IF(INDEX('Shot Map'!$B$6:$V$26,CEILING($A13/5,1),CEILING(E$2/5,1))=1,INDEX('Serial Reference'!$A$8:$W$8,1,FLOOR(($A13-1)/23,1)+1)&INDEX('Serial Reference'!$A$8:$W$8,1,MOD($A13-1,23)+1)&TEXT(E$2+FLOOR((E$2-1)/9,1),"000"),"") | F13: =IF(INDEX('Shot Map'!$B$6:$V$26,CEILING($A13/5,1),CEILING(F$2/5,1))=1,INDEX('Serial Reference'!$A$8:$W$8,1,FLOOR(($A13-1)/23,1)+1)&INDEX('Serial Reference'!$A$8:$W$8,1,MOD($A13-1,23)+1)&TEXT(F$2+FLOOR((F$2-1)/9,1),"000"),"") | G13: =IF(INDEX('Shot Map'!$B$6:$V$26,CEILING($A13/5,1),CEILING(G$2/5,1))=1,INDEX('Serial Reference'!$A$8:$W$8,1,FLOOR(($A13-1)/23,1)+1)&INDEX('Serial Reference'!$A$8:$W$8,1,MOD($A13-1,23)+1)&TEXT(G$2+FLOOR((G$2-1)/9,1),"000"),"") | H13: =IF(INDEX('Shot Map'!$B$6:$V$26,CEILING($A13/5,1),CEILING(H$2/5,1))=1,INDEX('Serial Reference'!$A$8:$W$8,1,FLOOR(($A13-1)/23,1)+1)&INDEX('Serial Reference'!$A$8:$W$8,1,MOD($A13-1,23)+1)&TEXT(H$2+FLOOR((H$2-1)/9,1),"000"),"") | I13: =IF(INDEX('Shot Map'!$B$6:$V$26,CEILING($A13/5,1),CEILING(I$2/5,1))=1,INDEX('Serial Reference'!$A$8:$W$8,1,FLOOR(($A13-1)/23,1)+1)&INDEX('Serial Reference'!$A$8:$W$8,1,MOD($A13-1,23)+1)&TEXT(I$2+FLOOR((I$2-1)/9,1),"000"),"") | ... DB13: =IF(INDEX('Shot Map'!$B$6:$V$26,CEILING($A13/5,1),CEILING(DB$2/5,1))=1,INDEX('Serial Reference'!$A$8:$W$8,1,FLOOR(($A13-1)/23,1)+1)&INDEX('Serial Reference'!$A$8:$W$8,1,MOD($A13-1,23)+1)&TEXT(DB$2+FLOOR((DB$2-1)/9,1),"000"),"")
A14: 12 | B14: =IF(INDEX('Shot Map'!$B$6:$V$26,CEILING($A14/5,1),CEILING(B$2/5,1))=1,INDEX('Serial Reference'!$A$8:$W$8,1,FLOOR(($A14-1)/23,1)+1)&INDEX('Serial Reference'!$A$8:$W$8,1,MOD($A14-1,23)+1)&TEXT(B$2+FLOOR((B$2-1)/9,1),"000"),"") | C14: =IF(INDEX('Shot Map'!$B$6:$V$26,CEILING($A14/5,1),CEILING(C$2/5,1))=1,INDEX('Serial Reference'!$A$8:$W$8,1,FLOOR(($A14-1)/23,1)+1)&INDEX('Serial Reference'!$A$8:$W$8,1,MOD($A14-1,23)+1)&TEXT(C$2+FLOOR((C$2-1)/9,1),"000"),"") | D14: =IF(INDEX('Shot Map'!$B$6:$V$26,CEILING($A14/5,1),CEILING(D$2/5,1))=1,INDEX('Serial Reference'!$A$8:$W$8,1,FLOOR(($A14-1)/23,1)+1)&INDEX('Serial Reference'!$A$8:$W$8,1,MOD($A14-1,23)+1)&TEXT(D$2+FLOOR((D$2-1)/9,1),"000"),"") | E14: =IF(INDEX('Shot Map'!$B$6:$V$26,CEILING($A14/5,1),CEILING(E$2/5,1))=1,INDEX('Serial Reference'!$A$8:$W$8,1,FLOOR(($A14-1)/23,1)+1)&INDEX('Serial Reference'!$A$8:$W$8,1,MOD($A14-1,23)+1)&TEXT(E$2+FLOOR((E$2-1)/9,1),"000"),"") | F14: =IF(INDEX('Shot Map'!$B$6:$V$26,CEILING($A14/5,1),CEILING(F$2/5,1))=1,INDEX('Serial Reference'!$A$8:$W$8,1,FLOOR(($A14-1)/23,1)+1)&INDEX('Serial Reference'!$A$8:$W$8,1,MOD($A14-1,23)+1)&TEXT(F$2+FLOOR((F$2-1)/9,1),"000"),"") | G14: =IF(INDEX('Shot Map'!$B$6:$V$26,CEILING($A14/5,1),CEILING(G$2/5,1))=1,INDEX('Serial Reference'!$A$8:$W$8,1,FLOOR(($A14-1)/23,1)+1)&INDEX('Serial Reference'!$A$8:$W$8,1,MOD($A14-1,23)+1)&TEXT(G$2+FLOOR((G$2-1)/9,1),"000"),"") | H14: =IF(INDEX('Shot Map'!$B$6:$V$26,CEILING($A14/5,1),CEILING(H$2/5,1))=1,INDEX('Serial Reference'!$A$8:$W$8,1,FLOOR(($A14-1)/23,1)+1)&INDEX('Serial Reference'!$A$8:$W$8,1,MOD($A14-1,23)+1)&TEXT(H$2+FLOOR((H$2-1)/9,1),"000"),"") | I14: =IF(INDEX('Shot Map'!$B$6:$V$26,CEILING($A14/5,1),CEILING(I$2/5,1))=1,INDEX('Serial Reference'!$A$8:$W$8,1,FLOOR(($A14-1)/23,1)+1)&INDEX('Serial Reference'!$A$8:$W$8,1,MOD($A14-1,23)+1)&TEXT(I$2+FLOOR((I$2-1)/9,1),"000"),"") | ... DB14: =IF(INDEX('Shot Map'!$B$6:$V$26,CEILING($A14/5,1),CEILING(DB$2/5,1))=1,INDEX('Serial Reference'!$A$8:$W$8,1,FLOOR(($A14-1)/23,1)+1)&INDEX('Serial Reference'!$A$8:$W$8,1,MOD($A14-1,23)+1)&TEXT(DB$2+FLOOR((DB$2-1)/9,1),"000"),"")
... A107: 105 | B107: =IF(INDEX('Shot Map'!$B$6:$V$26,CEILING($A107/5,1),CEILING(B$2/5,1))=1,INDEX('Serial Reference'!$A$8:$W$8,1,FLOOR(($A107-1)/23,1)+1)&INDEX('Serial Reference'!$A$8:$W$8,1,MOD($A107-1,23)+1)&TEXT(B$2+FLOOR((B$2-1)/9,1),"000"),"") | C107: =IF(INDEX('Shot Map'!$B$6:$V$26,CEILING($A107/5,1),CEILING(C$2/5,1))=1,INDEX('Serial Reference'!$A$8:$W$8,1,FLOOR(($A107-1)/23,1)+1)&INDEX('Serial Reference'!$A$8:$W$8,1,MOD($A107-1,23)+1)&TEXT(C$2+FLOOR((C$2-1)/9,1),"000"),"") | D107: =IF(INDEX('Shot Map'!$B$6:$V$26,CEILING($A107/5,1),CEILING(D$2/5,1))=1,INDEX('Serial Reference'!$A$8:$W$8,1,FLOOR(($A107-1)/23,1)+1)&INDEX('Serial Reference'!$A$8:$W$8,1,MOD($A107-1,23)+1)&TEXT(D$2+FLOOR((D$2-1)/9,1),"000"),"") | E107: =IF(INDEX('Shot Map'!$B$6:$V$26,CEILING($A107/5,1),CEILING(E$2/5,1))=1,INDEX('Serial Reference'!$A$8:$W$8,1,FLOOR(($A107-1)/23,1)+1)&INDEX('Serial Reference'!$A$8:$W$8,1,MOD($A107-1,23)+1)&TEXT(E$2+FLOOR((E$2-1)/9,1),"000"),"") | F107: =IF(INDEX('Shot Map'!$B$6:$V$26,CEILING($A107/5,1),CEILING(F$2/5,1))=1,INDEX('Serial Reference'!$A$8:$W$8,1,FLOOR(($A107-1)/23,1)+1)&INDEX('Serial Reference'!$A$8:$W$8,1,MOD($A107-1,23)+1)&TEXT(F$2+FLOOR((F$2-1)/9,1),"000"),"") | G107: =IF(INDEX('Shot Map'!$B$6:$V$26,CEILING($A107/5,1),CEILING(G$2/5,1))=1,INDEX('Serial Reference'!$A$8:$W$8,1,FLOOR(($A107-1)/23,1)+1)&INDEX('Serial Reference'!$A$8:$W$8,1,MOD($A107-1,23)+1)&TEXT(G$2+FLOOR((G$2-1)/9,1),"000"),"") | H107: =IF(INDEX('Shot Map'!$B$6:$V$26,CEILING($A107/5,1),CEILING(H$2/5,1))=1,INDEX('Serial Reference'!$A$8:$W$8,1,FLOOR(($A107-1)/23,1)+1)&INDEX('Serial Reference'!$A$8:$W$8,1,MOD($A107-1,23)+1)&TEXT(H$2+FLOOR((H$2-1)/9,1),"000"),"") | I107: =IF(INDEX('Shot Map'!$B$6:$V$26,CEILING($A107/5,1),CEILING(I$2/5,1))=1,INDEX('Serial Reference'!$A$8:$W$8,1,FLOOR(($A107-1)/23,1)+1)&INDEX('Serial Reference'!$A$8:$W$8,1,MOD($A107-1,23)+1)&TEXT(I$2+FLOOR((I$2-1)/9,1),"000"),"") | ... DB107: =IF(INDEX('Shot Map'!$B$6:$V$26,CEILING($A107/5,1),CEILING(DB$2/5,1))=1,INDEX('Serial Reference'!$A$8:$W$8,1,FLOOR(($A107-1)/23,1)+1)&INDEX('Serial Reference'!$A$8:$W$8,1,MOD($A107-1,23)+1)&TEXT(DB$2+FLOOR((DB$2-1)/9,1),"000"),"")

Sheet Probe Overlay
A1: Probe Overlay - blue/purple = alternating touchdown footprints, orange = TOP die of each touchdown (first contact)
A2: row\col | B2: 1 | C2: 2 | D2: 3 | E2: 4 | F2: 5 | G2: 6 | H2: 7 | I2: 8 | J2: 9 | K2: 10 | L2: 11 | M2: 12 | N2: 13 | O2: 14 | P2: 15 | Q2: 16 | R2: 17 | S2: 18 | T2: 19 | U2: 20 | V2: 21 | W2: 22 | X2: 23 | Y2: 24 | Z2: 25 | AA2: 26 | AB2: 27 | AC2: 28 | AD2: 29 | AE2: 30 | AF2: 31 | AG2: 32 | AH2: 33 | AI2: 34 | AJ2: 35 | AK2: 36 | AL2: 37 | AM2: 38 | AN2: 39 | AO2: 40 | AP2: 41 | AQ2: 42 | AR2: 43 | AS2: 44 | AT2: 45 | AU2: 46 | AV2: 47 | AW2: 48 | AX2: 49 | AY2: 50 | AZ2: 51 | BA2: 52 | BB2: 53 | BC2: 54 | BD2: 55 | BE2: 56 | BF2: 57 | BG2: 58 | BH2: 59 | BI2: 60 | BJ2: 61 | BK2: 62 | BL2: 63 | BM2: 64 | BN2: 65 | BO2: 66 | BP2: 67 | BQ2: 68 | BR2: 69 | BS2: 70 | BT2: 71 | BU2: 72 | BV2: 73 | BW2: 74 | BX2: 75 | BY2: 76 | BZ2: 77 | CA2: 78 | CB2: 79 | CC2: 80 | CD2: 81 | CE2: 82 | CF2: 83 | CG2: 84 | CH2: 85 | CI2: 86 | CJ2: 87 | CK2: 88 | CL2: 89 | CM2: 90 | CN2: 91 | CO2: 92 | CP2: 93 | CQ2: 94 | CR2: 95 | CS2: 96 | CT2: 97 | CU2: 98 | CV2: 99 | CW2: 100 | CX2: 101 | CY2: 102 | CZ2: 103 | DA2: 104 | DB2: 105
A3: 1 | B3: ='Die Map'!B3 | C3: ='Die Map'!C3 | D3: ='Die Map'!D3 | E3: ='Die Map'!E3 | F3: ='Die Map'!F3 | G3: ='Die Map'!G3 | H3: ='Die Map'!H3 | I3: ='Die Map'!I3 | ... DB3: ='Die Map'!DB3
A4: 2 | B4: ='Die Map'!B4 | C4: ='Die Map'!C4 | D4: ='Die Map'!D4 | E4: ='Die Map'!E4 | F4: ='Die Map'!F4 | G4: ='Die Map'!G4 | H4: ='Die Map'!H4 | I4: ='Die Map'!I4 | ... DB4: ='Die Map'!DB4
A5: 3 | B5: ='Die Map'!B5 | C5: ='Die Map'!C5 | D5: ='Die Map'!D5 | E5: ='Die Map'!E5 | F5: ='Die Map'!F5 | G5: ='Die Map'!G5 | H5: ='Die Map'!H5 | I5: ='Die Map'!I5 | ... DB5: ='Die Map'!DB5
A6: 4 | B6: ='Die Map'!B6 | C6: ='Die Map'!C6 | D6: ='Die Map'!D6 | E6: ='Die Map'!E6 | F6: ='Die Map'!F6 | G6: ='Die Map'!G6 | H6: ='Die Map'!H6 | I6: ='Die Map'!I6 | ... DB6: ='Die Map'!DB6
A7: 5 | B7: ='Die Map'!B7 | C7: ='Die Map'!C7 | D7: ='Die Map'!D7 | E7: ='Die Map'!E7 | F7: ='Die Map'!F7 | G7: ='Die Map'!G7 | H7: ='Die Map'!H7 | I7: ='Die Map'!I7 | ... DB7: ='Die Map'!DB7
A8: 6 | B8: ='Die Map'!B8 | C8: ='Die Map'!C8 | D8: ='Die Map'!D8 | E8: ='Die Map'!E8 | F8: ='Die Map'!F8 | G8: ='Die Map'!G8 | H8: ='Die Map'!H8 | I8: ='Die Map'!I8 | ... DB8: ='Die Map'!DB8
A9: 7 | B9: ='Die Map'!B9 | C9: ='Die Map'!C9 | D9: ='Die Map'!D9 | E9: ='Die Map'!E9 | F9: ='Die Map'!F9 | G9: ='Die Map'!G9 | H9: ='Die Map'!H9 | I9: ='Die Map'!I9 | ... DB9: ='Die Map'!DB9
A10: 8 | B10: ='Die Map'!B10 | C10: ='Die Map'!C10 | D10: ='Die Map'!D10 | E10: ='Die Map'!E10 | F10: ='Die Map'!F10 | G10: ='Die Map'!G10 | H10: ='Die Map'!H10 | I10: ='Die Map'!I10 | ... DB10: ='Die Map'!DB10
A11: 9 | B11: ='Die Map'!B11 | C11: ='Die Map'!C11 | D11: ='Die Map'!D11 | E11: ='Die Map'!E11 | F11: ='Die Map'!F11 | G11: ='Die Map'!G11 | H11: ='Die Map'!H11 | I11: ='Die Map'!I11 | ... DB11: ='Die Map'!DB11
A12: 10 | B12: ='Die Map'!B12 | C12: ='Die Map'!C12 | D12: ='Die Map'!D12 | E12: ='Die Map'!E12 | F12: ='Die Map'!F12 | G12: ='Die Map'!G12 | H12: ='Die Map'!H12 | I12: ='Die Map'!I12 | ... DB12: ='Die Map'!DB12
A13: 11 | B13: ='Die Map'!B13 | C13: ='Die Map'!C13 | D13: ='Die Map'!D13 | E13: ='Die Map'!E13 | F13: ='Die Map'!F13 | G13: ='Die Map'!G13 | H13: ='Die Map'!H13 | I13: ='Die Map'!I13 | ... DB13: ='Die Map'!DB13
A14: 12 | B14: ='Die Map'!B14 | C14: ='Die Map'!C14 | D14: ='Die Map'!D14 | E14: ='Die Map'!E14 | F14: ='Die Map'!F14 | G14: ='Die Map'!G14 | H14: ='Die Map'!H14 | I14: ='Die Map'!I14 | ... DB14: ='Die Map'!DB14
... A107: 105 | B107: ='Die Map'!B107 | C107: ='Die Map'!C107 | D107: ='Die Map'!D107 | E107: ='Die Map'!E107 | F107: ='Die Map'!F107 | G107: ='Die Map'!G107 | H107: ='Die Map'!H107 | I107: ='Die Map'!I107 | ... DB107: ='Die Map'!DB107
